{
  "version": 1,
  "author": "Cheryl Fernandes",
  "editor": "wokwi",
  "parts": [
    { "type": "wokwi-arduino-uno", "id": "uno", "top": -18.66, "left": 207.78, "attrs": {} },
    {
      "type": "wokwi-max7219-matrix",
      "id": "matrix1",
      "top": -108.12652315319775,
      "left": -50.13611002315713,
      "attrs": { "chain": "4" }
    }
  ],
  "connections": [
    [ "matrix1:V+", "uno:5V", "green", [ "h-112.52", "v356.89", "h164.37" ] ],
    [ "matrix1:GND", "uno:GND.1", "black", [ "h0" ] ],
    [ "matrix1:DIN", "uno:11", "green", [ "h0" ] ],
    [ "matrix1:CS", "uno:10", "green", [ "h0" ] ],
    [ "matrix1:CLK", "uno:13", "green", [ "h0" ] ]
  ]
}
